"8370 Hadsten","Ny udstilling til Hadsten",http://tv2oj-juan2015.develop.fynskemedier.dk/artikel/257165:Favrskov--Ny-udstilling-til-Hadsten
"8670 Låsby","SF: Drop ny lufthavn",http://tv2oj-juan2015.develop.fynskemedier.dk/artikel/257175:Aarhus--SF--Drop-ny-lufthavn
"8660 Skanderborg","SF: Drop ny lufthavn",http://tv2oj-juan2015.develop.fynskemedier.dk/artikel/257175:Aarhus--SF--Drop-ny-lufthavn
"8380 Trige","SF: Drop ny lufthavn",http://tv2oj-juan2015.develop.fynskemedier.dk/artikel/257175:Aarhus--SF--Drop-ny-lufthavn
"8000 Aarhus c","SF: Drop ny lufthavn",http://tv2oj-juan2015.develop.fynskemedier.dk/artikel/257175:Aarhus--SF--Drop-ny-lufthavn
"8464 Galten","Hagl over Galten",http://tv2oj-juan2015.develop.fynskemedier.dk/artikel/257180:Skanderborg--Hagl-over-Galten
"8500 Grenaa","S freder akutklinikker",http://tv2oj-juan2015.develop.fynskemedier.dk/artikel/257186:oestjylland--S-freder-akutklinikker
"8600 Silkeborg","S freder akutklinikker",http://tv2oj-juan2015.develop.fynskemedier.dk/artikel/257186:oestjylland--S-freder-akutklinikker
"8500 Grenaa","Borgmester: Jeg er tilfreds",http://tv2oj-juan2015.develop.fynskemedier.dk/artikel/257195:oestjylland--Borgmester--Jeg-er-tilfreds
"8464 Galten","Kagens Dag blev aflyst ",http://tv2oj-juan2015.develop.fynskemedier.dk/artikel/257212:Skanderborg--Kagens-Dag-blev-aflyst
"8000 Aarhus c","AGF mangler kun én sejr",http://tv2oj-juan2015.develop.fynskemedier.dk/artikel/257229:Aarhus--AGF-mangler-kun--n-sejr
"8670 Låsby","Kritik af Gaardes udmelding",http://tv2oj-juan2015.develop.fynskemedier.dk/artikel/257232:Skanderborg--Kritik-af-Gaardes-udmelding
"8660 Skanderborg","Kritik af Gaardes udmelding",http://tv2oj-juan2015.develop.fynskemedier.dk/artikel/257232:Skanderborg--Kritik-af-Gaardes-udmelding
"8700 Horsens","Stor hjælp til demente",http://tv2oj-juan2015.develop.fynskemedier.dk/artikel/257235:Horsens--Stor-hjaelp-til-demente
"8670 Låsby","Uenige om Thomasminde",http://tv2oj-juan2015.develop.fynskemedier.dk/artikel/257265:Aarhus--Uenige-om-Thomasminde
"8380 Trige","Uenige om Thomasminde",http://tv2oj-juan2015.develop.fynskemedier.dk/artikel/257265:Aarhus--Uenige-om-Thomasminde
"8000 Aarhus c","AGF kan rykke op i dag",http://tv2oj-juan2015.develop.fynskemedier.dk/artikel/257275:Aarhus--AGF-kan-rykke-op-i-dag
"8000 Aarhus c","Vil rejse penge til multiarena",http://tv2oj-juan2015.develop.fynskemedier.dk/artikel/257278:Aarhus--Vil-rejse-penge-til-multiarena
"8200 Aarhus N","Vil rejse penge til multiarena",http://tv2oj-juan2015.develop.fynskemedier.dk/artikel/257278:Aarhus--Vil-rejse-penge-til-multiarena
"8210 Aarhus V","Vil rejse penge til multiarena",http://tv2oj-juan2015.develop.fynskemedier.dk/artikel/257278:Aarhus--Vil-rejse-penge-til-multiarena
"8600 Silkeborg","Erhvervsgrunde ved motorvej",http://tv2oj-juan2015.develop.fynskemedier.dk/artikel/257291:Silkeborg--Erhvervsgrunde-ved-motorvej
